问题,,,,,,,,,,
【金融机构】 金融企业取得的小额贷款利息收入在企业所得税年度纳税申报时，应填写在《A101020金融企业收入明细表》的哪一行次？,,,,,,,,,,
"【金融机构】银行业金融机构利润表中的""利息收入""项目，与企业所得税申报时的利息收入金额存在差异，通常由哪些因素导致？",,,,,,,,,,
【金融机构】我国银行设立的境外分行向境内企业提供贷款服务并从境内取得利息收入，境内企业在支付该笔利息时是否需要履行企业所得税代扣代缴义务？,,,,,,,,,,
【金融机构】金融企业按照会计准则计提的委托贷款损失准备金，在进行企业所得税汇算清缴时是否准予税前扣除？,,,,,,,,,,
【金融机构】金融企业准予在企业所得税前提取贷款损失准备金的贷款资产范围具体包括哪些类别？,,,,,,,,,,
【金融机构】国际金融组织向我国国家金融机构提供优惠贷款，双方签订的借款合同是否需要缴纳印花税？,,,,,,,,,,
【金融机构】金融机构向小型企业、微型企业、个体工商户及农户发放小额贷款，可以享受哪些增值税优惠政策？,,,,,,,,,,
【金融机构】银行等金融机构发放贷款与吸收存款的核心业务流程，应当如何进行规范的账务处理？,,,,,,,,,,
【金融机构】金融企业的应收未收利息，在企业所得税和增值税上应分别如何处理？对于已作冲减收入处理后又收回的利息，正确的税务处理方式是什么？,,,,,,,,,,
以公司名义向银行贷款，银行直接将款项支付给供应商，如何账务处理,,,,,,,,,,
融资公司开具“金融服务”类别的利息发票，这个应计入财务费用还是管理费用，二级科目能计入利息费吗？,,,,,,,,,,
公司还贷时从对公账户多转入还款专户，银行按需扣款。是否需增设银行二级明细科目以规范核算？,,,,,,,,,,
贷款利息已根据银行回单计入财务费用，后续取得发票时是否需调整账务？若发票滞后或分批取得，是否需红冲原分录？,,,,,,,,,,
收到银行存款利息应如何做账？若财务费用误记为贷方正数，为何利润表未体现收益？应如何纠正？,,,,,,,,,,
申报表银行利息支出金额与利润表不一致,,,,,,,,,,
企业因逾期偿还银行贷款而支付的银行罚息，应如何进行账务处理？其在企业所得税和土地增值税的计算中，又分别是否可以进行税前扣除？,,,,,,,,,,
企业通过银行贷款购买在建商品房（期房），如何进行会计处理？,,,,,,,,,,
企业办理银行贷款时，支付的手续费应如何入账？循环贷款应计入长期还是短期借款？以及借款利息是否需要计提？,,,,,,,,,,
企业收到财政贴息资金（包括直接拨付和与贷款相关的政府补贴），应如何进行账务处理？（区分准则）,,,,,,,,,,
企业与金融机构签订的各种形式的借款合同及相关协议，在什么情况下需要缴纳印花税？对于流动资金循环借款、无息贷款、委托贷款等特殊形式有何具体规定？针对小微企业又有哪些优惠政策？,,,,,,,,,,
我公司以自身名义贷款买车，银行将款项直接支付给汽车卖方，卖方扣除车款后把余款退回我公司。此外，在银行放款前已取得发票，以及发票原件由银行保管的情况下，应如何进行账务处理？,,,,,,,,,,
企业贷款买车，如何根据不同的贷款方和付款方式进行账务处理？,,,,,,,,,,
企业向银行等金融机构借款所支付的利息，能否在企业所得税税前扣除？如果仅凭银行回单入账，是否可以扣除？有何特殊限制？,,,,,,,,,,
关于住房贷款利息专项附加扣除，如何判定所购住房是否适用？如果购买二套房时银行按照首套房贷款利率发放贷款，是否可以享受扣除？如果采用组合贷款，利率标准不同又该如何判断？,,,,,,,,,,
"分期还款总金额为227,903.56元，其中本金20万元，剩余为利息（银行手续费），请问分期利息如何做分录？【场景补充】",,,,,,,,,,
企业于2024年发生银行手续费及贷款利息费用，财务费用科目中已包含手续费500元（其中结息冲减50元），2025年3月收到银行开具的500元发票，银行手续费及利息费用发票应开具增值税专用发票还是普通发票？【场景补充】,,,,,,,,,,
企业于2024年发生银行手续费及贷款利息费用，财务费用科目中已包含手续费500元（其中结息冲减50元），2025年3月收到银行开具的500元发票，且企业性质适用小企业会计准则，请问利润表财务费用金额（450元）与发票金额（500元）不一致是否影响税务处理？【场景补充】,,,,,,,,,,
企业向银行贷款的利息支出在汇算清缴时是否需要单独填列？【场景补充】,,,,,,,,,,
企业（执行小企业会计准则）去年将包含部分本金的借款利息全额计入财务费用（借：利息，贷：银行），现需进行跨年度账务更正，应如何调整会计凭证？【场景补充】,,,,,,,,,,
企业（执行小企业会计准则）于2024年发生银行手续费及贷款利息费用，财务费用科目中已包含手续费500元（其中结息冲减50元），2025年3月收到银行开具的500元发票，请问2024年手续费在2025年取得专用发票时，如何调整分录？【场景补充】,,,,,,,,,,
企业从银行获得一笔20年期的房贷，需进行会计科目归类，那么这笔银行20年期房贷应计入什么科目？【场景补充】,,,,,,,,,,
企业发生银行借款利息支出1000元，已取得银行回单但未取得发票，那么A105000表第18行'利息支出'调整项目在仅有银行回单未取得发票的情况下，账载金额、税收金额及调增金额应如何填报？【场景补充】,,,,,,,,,,
企业归还非专用长期借款本金及利息时，应如何进行账务处理？【场景补充】,,,,,,,,,,
企业上个月将一笔银行贷款利息错误计入手续费科目，调整后手续费科目出现贷方数是否影响月末损益结转的合规性？【场景补充】,,,,,,,,,,
企业上个月将一笔银行贷款利息错误计入手续费科目，如何调整账务？【场景补充】,,,,,,,,,,
企业涉及银行贷款本金及利息的偿还业务时，应如何编制记账分录？需明确利息费用科目与手续费的区分，避免混淆风险。【场景补充】,,,,,,,,,,
企业申请融资125万元，实际到账110万元，其中扣除利息10万元，另单独支付手续费5万元，请问应如何编制会计分录？【场景补充】,,,,,,,,,,
企业向银行申请短期贷款时，银行回单上显示的贷款本息合计应如何进行记账处理？【场景补充】,,,,,,,,,,
企业向银行申请短期贷款时，所涉及的利息费用应记入财务费用的利息费用科目还是手续费科目？【场景补充】,,,,,,,,,,
企业已根据银行流水中的手续费金额计入财务费用，后续收到银行开具的金融服务收费的增值税专用发票，应如何对原价税合计入账的财务费用进行价税分离和入账调整？【场景补充】,,,,,,,,,,
企业于2024年发生银行手续费及贷款利息费用，财务费用科目中已包含手续费500元（其中结息冲减50元），2025年3月收到银行开具的500元发票，那么跨年取得的进项税额（如2025年3月勾选认证2024年手续费专票）应归属哪个年度抵扣？【场景补充】,,,,,,,,,,
我公司于2020年与银行签订1000万元借款合同，现需确认该借款合同是否需要补缴印花税，并了解该业务是否适用相关减免政策？【场景补充】,,,,,,,,,,
"在分期还款总金额为227,903.56元（其中本金20万元，剩余为利息/银行手续费）的场景下，银行收取的利息（手续费）是否需要索取发票？【场景补充】",,,,,,,,,,
在填报税务表格时，需明确A105120表的适用范围及具体填报规则，涉及贷款业务中未按权责发生制确认收入或坏账准备的纳税调整，请问A105120表应如何填写，具体适用于哪些业务场景？【场景补充】,,,,,,,,,,
中国境内的一家银行向新加坡公司提供贷款，贷款利息在新加坡缴纳预提税，该银行咨询该预提税是否可在其企业所得税税前扣除？【场景补充】,,,,,,,,,,
作为一般企业（借入方），在支付贷款利息及银行手续费并取得增值税专用发票的情况下，相关进项税额的抵扣政策是什么？具体包括企业支付银行手续费取得的增值税专用发票是否可以用于进项税额抵扣，以及若可以抵扣，需要区分哪些业务场景？【场景补充】,,,,,,,,,,
作为一家贷款公司，向A公司借款100万元到期后仅收回88万元导致12万元损失，该损失在税务申报表中应填写在哪个税务表格的哪个具体位置？【场景补充】,,,,,,,,,,
企业收到一笔未明确具体还款期限的银行贷款，需根据预计归还时间判定计入长期或短期借款，此时应如何进行账务处理？【场景补充】,,,,,,,,,,
【行政事业单位】行政事业单位作为借入方发生的长期借款利息，在《政府会计制度》下应如何进行账务处理？,,,,,,,,,,
企业在处理短期贷款利息时未进行计提，直接根据银行回单金额记入利息费用，请问利息费用的计提依据是什么，是否需要根据借款合同确定，若合同信息不明确仅能依据银行回单金额如何处理？【场景补充】,,,,,,,,,,
企业在处理短期贷款利息时未进行计提，直接根据银行回单金额记入利息费用，这种处理方式是否正确？是否必须对利息费用进行计提？计提的依据是什么？【场景补充】,,,,,,,,,,
适用《小企业会计准则》的小规模纳税人，以银行5年期（60期）贷款购入车辆，由银行直接向经销商支付尾款，应如何进行完整的账务处理？【场景补充】,,,,,,,,,,
G100000《关联业务往来汇总表》“201年度平均关联债权投资金额”栏如何填写,,,,,,,,,,
同一老板控制的两家企业，发生资金借贷，是否需要进行关联申报,,,,,,,,,,
企业从集团内财务公司取得的存款利息是否征收增值税,,,,,,,,,,
"（1）集团100%控股我们公司，集团收走我司2000万资金做资金统筹，资金后期会还回来，公司是独立经营，有独立的法人，股东只是100%控股，我该怎么做账，用不用交税？
（2）若财报亏损，如何通过资金名义调整使财报盈利，并讨论借款合同及利息对利润和增值税的影响。",,,,,,,,,,
统借统还税务相关问题,,,,,,,,,,
分公司注销时，其往来款项、债权债务应如何处理？总公司和分公司分别如何做账及填报清算报表？,,,,,,,,,,
关联公司之间发生无息资金借贷往来，需要填报哪些关联申报表？其中存在哪些税务风险？,,,,,,,,,,
什么是关联交易？关联交易主要包括哪些类型？关联方仅指企业吗？,,,,,,,,,,
企业在填报《融通资金表》时，对于关联资金融通应如何准确填写？特别是多笔借贷、无息借款、以及关键栏次的计算上有何要点？,,,,,,,,,,
总公司与分公司之间发生资金借贷及利息收付，双方应如何进行账务处理？在编制合并报表时又应如何抵消？,,,,,,,,,,
关联企业之间发生的利息支出，在企业所得税税前扣除时是否受限制？具体受哪些限制？合伙企业是否适用同样的规则？,,,,,,,,,,
关联企业之间（包括集团母子公司、总分公司等）发生无偿借款，在增值税和企业所得税上分别如何处理？,,,,,,,,,,
当企业A与关联企业B发生资金借贷业务（A借给B）时，关联业务往来报告是否双方都要填写？【场景补充】,,,,,,,,,,
当企业需参照2024年同期金融机构利率判断关联方借款利率的合规性，但实际银行利率存在差异时，如何判定同期金融机构利率的具体时间范围（例如是否以2024年为基准）及利率选择依据？【场景补充】,,,,,,,,,,
非金融企业作为主体，与关联方进行资金拆借，涉及债权性投资与权益性投资比例限制（其他企业为2:1），且合同利率需符合金融企业同期同类贷款利率标准。若企业能证明交易符合独立交易原则或实际税负不高于关联方，是否可豁免本金比例限制？【场景补充】,,,,,,,,,,
非金融企业作为主体，与关联方签订资金拆借合同，合同约定利率为3.55%，低于同期公布的LPR利率3.58%，合同签订利率低于最近公示的LPR利率时，是否可按合同利率3.55%计算并缴纳增值税？【场景补充】,,,,,,,,,,
非金融企业作为主体与关联方进行资金拆借时，关联方利息支出税前扣除金额的具体制约条件是什么？包括债权性投资与权益性投资的比例限制（其他企业为2:1）以及合同利率需符合金融企业同期同类贷款利率标准的要求。【场景补充】,,,,,,,,,,
公司存在多个关联企业间资金拆借行为，导致其他应收款和其他应付款科目金额较大，其中一家公司因亏损状态向银行借款后，将资金转至另一公司且暂时无法归还。关联公司间频繁资金拆借导致其他应收应付账款数额大，应如何规避税务风险？【场景补充】,,,,,,,,,,
企业涉及向全资法人股东（A公司）借入款项并计提利息，已知A公司全资控股该企业且同时为其他公司的股东，在企业所得税表申报完成后，是否需要再申报关联关系表？【场景补充】,,,,,,,,,,
企业收到母公司的借款利息，在账务处理中借记银行存款，但贷记科目存在疑问，后续发现该处理导致财务报表与税务报表的营业总收入不一致，涉及增值税申报与账务科目归属差异，请问收到母公司的借款利息时，如何正确进行账务处理（借：银行存款，贷记什么科目）？【场景补充】,,,,,,,,,,
企业收到母公司的借款利息，在账务处理中将银行存款借记，但贷记科目存在疑问，后续发现该处理导致财务报表与税务报表的营业总收入不一致，涉及增值税申报与账务科目归属差异，请问因账务处理导致财务报表与税务报表营业总收入不一致（税会差异）应如何解释？【场景补充】,,,,,,,,,,
用户计划以管理公司名义成立全资子公司持有商铺并承接部分业务，在需要明确子公司资金来源、注册资本合理性及贷款操作的情况下，实体公司向银行贷款后转贷给子公司并收取相同利息的操作是否可行？【场景补充】,,,,,,,,,,
在关联方债权性投资与权益性投资的比例（债资比）对利息扣除的限制背景下，包括本金制约、比例计算及实际应用场景，债权性投资与权益性投资的具体定义是什么？【场景补充】,,,,,,,,,,
在关联方债权性投资与权益性投资的比例（债资比）对利息扣除的限制背景下，如何理解债资比的概念及其在利息扣除中的限制作用，包括本金制约、比例计算及实际应用场景？【场景补充】,,,,,,,,,,
在母公司从银行贷款后转借给子公司使用的情况下，母公司支付的贷款利息能否在企业所得税前扣除，以及母公司向子公司提供资金是否需视同销售缴纳增值税？【场景补充】,,,,,,,,,,
享受统借统还利息免征增值税政策需要准备哪些具体的备查资料？【场景补充】,,,,,,,,,,
在母子公司借款涉及统借统还业务的场景中，统借统还业务是否需在借款合同上标注相关条款？【场景补充】,,,,,,,,,,
在企业采用资金池归集模式，每收到一笔款项均进行归集操作，且所属集团按季度向企业支付利息的情况下，资金池归集每笔款项的财税处理方式是什么？【场景补充】,,,,,,,,,,
在企业涉及G107000《融通资金表》填报时，若企业没有向总公司贷款的情况，是否需要填写该表，以及该表是否有填报指引？【场景补充】,,,,,,,,,,
在填报G100000《中华人民共和国企业年度关联业务往来汇总表》时，关于203债资比例的具体填写方法是什么？以及该表是否需要填报？【场景补充】,,,,,,,,,,
支付给股东（关联方）的借款利息在汇算清缴时应如何填报？【场景补充】,,,,,,,,,,
我司作为集团内的一家企业，拟向集团下的另一家公司进行一笔无息借款，请问完整的操作流程和必备手续通常包括哪些？【场景补充】,,,,,,,,,,
企业作为借入方，欠款对象（另一企业）已注销，该笔无法支付的债务是否可以转为营业外收入？,,,,,,,,,,
企业作为借出方，在收取借款利息的同时向借入方收取的手续费，应如何缴纳增值税？,,,,,,,,,,
境内企业作为借入方，在向香港非居民企业或在境内无机构的非居民企业支付利息时，应如何履行企业所得税代扣代缴义务？适用的税率分别是多少？,,,,,,,,,,
现行增值税法规是否已取消对企业间无息借款行为视同销售征税的规定？,,,,,,,,,,
企业间发生无偿借款业务，借贷双方分别涉及哪些税务与账务处理？,,,,,,,,,,
企业间发生有偿资金借贷业务，借贷双方应如何进行完整的账务处理？,,,,,,,,,,
企业作为借出方，因借贷业务收到借款利息后，应如何进行规范的账务处理？此项收入具体涉及哪些税费，应如何计算与申报？其增值税与企业所得税的纳税义务发生时间应如何确定？,,,,,,,,,,
企业间借款合同中，如果仅约定借款方可随时提前还款，这是否视为已经约定了付息时间？此外，如果合同利率约定不明应如何处理？一份规范的合同又应包含哪些必备条款？,,,,,,,,,,
甲公司作为借出方，借出资金给乙公司，记为“其他应收款”，乙公司多还款导致该科目出现贷方余额，应如何调整账务？摘要应如何填写？,,,,,,,,,,
企业作为借出方，在无息借款被税务机关核定利息收入后，应如何在账务上确认该收入？以及如何进行增值税申报？,,,,,,,,,,
A公司作为一般公司向B公司借款用于资金周转，后续归还，A公司向B公司借款是否有金额限制？【场景补充】,,,,,,,,,,
A公司借给B公司80万元往来款，B公司通过委托第三方C公司向A公司偿还借款，还款备注为代B公司偿还借款。涉及主体为A公司（借款方）、B公司（借款方）、C公司（第三方代付平台），业务模式为第三方代付偿还企业间往来款。该代付行为是否会涉及税务问题（如增值税、企业所得税）？【场景补充】,,,,,,,,,,
A公司向B公司借款并支付利息，但B公司无法开具利息发票，且双方可能存在关联关系，请问B公司是否具备开具利息发票的资质？【场景补充】,,,,,,,,,,
A公司向B公司提供免息借款，请问企业间免息借款是否存在税务风险？【场景补充】,,,,,,,,,,
A公司作为一般公司向B公司借款用于资金周转，后续归还，请问公司之间可以有借款吗？【场景补充】,,,,,,,,,,
出纳将收到的承兑汇票错误记入应收票据而非应付账款科目，若该交易实质为借款行为，是否应直接记入应付账款科目？【场景补充】,,,,,,,,,,
非金融企业签订两年期资金拆借合同，合同约定固定利率3.55%，期间LPR利率可能发生变动，在合同期内计算利息时，是否只需按合同签订时的固定利率3.55%执行，无需考虑LPR后续变动？【场景补充】,,,,,,,,,,
公司作为借出方，将资金借给无关联的担保公司，未收取利息且长期挂账其他应收款。业务涉及2013年借款99万元，目前账面余额68万元（部分通过现金虚假还款），实际未归还。在此情况下，公司向担保公司无偿借款未申报增值税，税局要求视同销售处理时，如何确定同期银行贷款利率？【场景补充】,,,,,,,,,,
我司作为借款方向另一家公司提供1000万元借款，并约定利息，若仅偶尔发生此类业务，是否无需增加经营范围即可直接签订合同并开票？【场景补充】,,,,,,,,,,
一家技术服务类公司对外提供为期一年的借款并收取利息，需向对方开具发票，涉及开票方式、适用税率及经营范围要求，是否需要经营范围中包含贷款服务才能开具此类发票？【场景补充】,,,,,,,,,,
在A公司借给B公司80万元往来款，B公司通过委托第三方C公司向A公司偿还借款，还款备注为代B公司偿还借款的业务模式下，涉及A公司（借款方）、B公司（借款方）、C公司（第三方代付平台）三方主体，请问第三方C公司代替B公司偿还A公司借款是否允许？【场景补充】,,,,,,,,,,
在非金融企业之间发生借款业务并涉及利息费用的情况下，根据贷款服务的分类、二级科目填写方式以及实务中资金占用费与利息开票方式的差异，应如何开具发票？【场景补充】,,,,,,,,,,
企业向非金融机构支付利息时，在计提和支付环节应如何进行账务处理？具体包括利息支出是否计入财务费用科目，以及相关会计分录的准确性如何确认？【场景补充】,,,,,,,,,,
企业间借款收到利息收入时，请问收到利息收入时应冲减利息费用还是确认为利息收入？【场景补充】,,,,,,,,,,
企业作为借款主体，与其他企业发生借款业务，是否需要缴纳增值税？【场景补充】,,,,,,,,,,
我公司（借出方）作为小规模纳税人，向无关联公司借款100万元，借款期限25天，签订借款合同并约定支付利息，现对方归还本金并要求我公司开具利息发票。请问我公司能否开具利息发票？若能开具，应如何操作（如税率、发票类型、税收编码及商品名称）？【场景补充】,,,,,,,,,,
我公司（借出方）作为小规模纳税人，向无关联公司借款100万元，借款期限25天，签订借款合同并约定支付利息，现对方归还本金并要求我公司开具利息发票。在这种情况下，利息收入在企业所得税中的处理方式是什么？包括亏损或盈利情况下的计税规则是怎样的？【场景补充】,,,,,,,,,,
我公司（借出方）作为小规模纳税人，向无关联公司借款100万元，借款期限25天，签订借款合同并约定支付利息，现对方归还本金并要求我公司开具利息发票。利息收入增值税是否适用30万以下免税政策？【场景补充】,,,,,,,,,,
公司作为借出方，在借款给个人后，若还款由两家公司代付，账务处理是否应为：收款时借记“银行存款”，贷记“应收账款—代偿公司”？原借款科目是否需调整？,,,,,,,,,,
公司作为借入方，前期已预提多年未付的借款利息，现取得出借人开具的发票，是否需红冲原预提分录再重新入账？正确的账务处理方式是什么？,,,,,,,,,,
企业贷款资金转出至领导个人账户应如何进行合规处理？,,,,,,,,,,
考试单位通过员工及第三方多次流转银行贷款资金至领导，导致账面上长期挂账其他应收款-员工和其他应付款-领导，且涉及多手转账及现金交易难以取得完整凭证，应如何进行账务处理及平账操作？,,,,,,,,,,
公司作为借出方，财务软件将“其他应收款”中的员工借款误分类至经营活动现金流，应如何处理？,,,,,,,,,,
公司作为借入方，通过公户向个人还款时误将备注标为“工资”，应采取哪些处理措施？,,,,,,,,,,
因企业和法人之间的往来款不进行收付导致结转到营业外收支的金额偏大是否有风险,,,,,,,,,,
公司作为借出方，股东曾向公司借款，现拟进行利润分配，能否以借款直接抵减分红？如何操作可避免重复转账且无税务风险？,,,,,,,,,,
公司作为借入方，欠非股东A的借款无力偿还，由股东代为支付，能否直接记为对股东的负债？账务应如何处理？,,,,,,,,,,
公司作为借入方，以前年度老板的借款已用现金偿还但未做账务处理，导致“其他应付款”长期挂账，应如何调整？,,,,,,,,,,
公司作为借入方，在验资时借用他人资金，后通过股东私人账户归还，导致“其他应收款”长期挂账，应如何进行账务处理？是否存在税务或审计风险？,,,,,,,,,,
公司作为借入方，老板将款项汇入公司后，再由对公账户转出支付供应商，相关款项应如何进行会计处理？,,,,,,,,,,
公司作为借入方，员工借款给公司的利息与工资一并发放，应如何为其申报个人所得税？,,,,,,,,,,
企业与非股东之间的借款，若发生无法偿还的情况，债务人和债权人双方应如何处理？涉及哪些税费？,,,,,,,,,,
企业与股东或高管之间的资金往来（其他应付款/其他应收款）长期挂账，存在哪些税务风险？应如何规避？,,,,,,,,,,
企业向个人借款，以及个人向企业借款，这两种情况分别应如何进行账务处理？需要关注哪些税务问题？,,,,,,,,,,
公司作为借入方，向个人（包括股东）的借款，是否可以转为实收资本？需要履行哪些程序及注意哪些税务问题？,,,,,,,,,,
企业与法定代表人/个人股东之间发生借款并支付利息，涉及哪些税务处理？在约定还款期限和认定收款性质时，应注意哪些风险？,,,,,,,,,,
企业无偿借款给任何个人，或个人无偿借款给企业，双方分别涉及哪些税务问题、账务处理及相关时间期限？,,,,,,,,,,
企业作为借入方，因经营需要发生借款并支付利息，当出借方分别为金融机构、其他企业或个人时，其利息支出在企业所得税前扣除需分别满足哪些条件？需要取得何种凭证？涉及哪些税务处理义务？,,,,,,,,,,
公司作为借入方，在民间借贷中约定的利率过高，会面临哪些法律与税务风险？向股东借款有何特殊限制与合规要求？,,,,,,,,,,
公司作为借出方，向普通员工提供借款（包括备用金及无息借款）应急，该员工是否需缴纳个税？涉及哪些税款？账务如何处理？若员工年度终了未归还是否需要补税？员工还款后企业如何入账？以及是否存在借款限额和年底结清的要求？,,,,,,,,,,
公司在与股东或法人发生现金借款及还款业务时，在财务凭证处理上应注意哪些关键细节？具体包括：1. 还款时凭证备注栏是否需特殊标注？2. 现金还款需准备哪些附件？3. 跨年度补记账时收据日期如何填写？4. 现金借款时存款单交款人填写错误有何风险？,,,,,,,,,,
企业作为借入方，对于账面上大额且无法偿还的法人或股东借款，有哪些合规处理方式？在此过程中，法人/股东的费用报销款能否冲减其借款，以及能否直接用未分配利润偿还此类欠款？,,,,,,,,,,
企业在注销清算过程中，对于股东与公司之间的互相借款及其他应付款项，应如何进行税务与会计处理？,,,,,,,,,,
对于一家新设的小规模纳税人企业，其账面无资金，法人以借款形式注资用于公司开支和垫资周转的情况下，法人打款至公司账户是否应记为借款并计入其他应付款科目？【场景补充】,,,,,,,,,,
对于一家注册资本2000万元、无实际业务且长期零申报的空壳公司，每月通过借法人款项维持运营并偿还贷款，现计划将法人借款转为股东投资款以用于偿还贷款利息并避免后期实缴问题，其具体操作流程及所需条件（如章程规定、股东会决议等）是什么？【场景补充】,,,,,,,,,,
儿子公司因资金紧张向个人（父母）借款时，是否需要签订借款协议？是否需要支付利息？以及在税务局协查时应当如何处理？【场景补充】,,,,,,,,,,
个人（老板朋友）需就借款利息向公司开具发票，请问个人应如何开具利息发票？【场景补充】,,,,,,,,,,
个人（如父母）向公司提供无偿借款，是否会被税务机关认定为视同销售而核定利息并征收增值税？【场景补充】,,,,,,,,,,
个人在收取公司支付的利息时，能否选择直接在税务局缴纳利息相关税款，而非由企业代扣？【场景补充】,,,,,,,,,,
个人在收取公司支付的利息时，若个人未开具利息发票，公司是否仍需代扣代缴个人所得税？还是可由税务局在开票时直接征收？【场景补充】,,,,,,,,,,
公司支付个人贷款利息，个人开具的发票上的项目是否应为'贷款服务*利息'？【场景补充】,,,,,,,,,,
公司支付个人贷款利息时，若个人已代开利息发票，公司是否仍需代扣代缴其个人所得税？【场景补充】,,,,,,,,,,
公司支付个人贷款利息，个人是否需要开具增值税发票用于利息支出的抵扣？【场景补充】,,,,,,,,,,
公司承担贷款利息但资金实际由个人使用，需在汇算清缴时对不合规利息支出进行纳税调增，那么调增后的利润总额在年报中应如何体现？具体显示在报表的哪一行次？【场景补充】,,,,,,,,,,
公司承担贷款利息但资金实际由个人使用，需在汇算清缴时对不合规利息支出进行纳税调增，请问汇算清缴时对调增的财务费用-利息支出是否需要做账务处理？【场景补充】,,,,,,,,,,
公司承担贷款利息但资金实际由个人使用，需在汇算清缴时对不合规利息支出进行纳税调增。涉及调增后的利润表处理、调增金额在年报中的列示位置，以及次年利润计算基准的确认。请问次年计算利润时，是否以调增后的利润还是原利润为基准？【场景补充】,,,,,,,,,,
公司老板从其朋友（个人）处借款用于公司经营，该借款产生的利息支出需要如何处理发票事宜？【场景补充】,,,,,,,,,,
公司老板从其朋友（个人）处借款用于公司经营，请问老板从朋友处借款用于公司经营，能否将借款资金走公司账户？【场景补充】,,,,,,,,,,
公司名义借款给担保公司，实际资金流向为股东用于垫资投资款，税局认为该借款实质是股东借款且未用于生产经营，可能要求视同分红缴纳个税。在缺乏借款合同的情况下，仅凭银行流水能否证明资金真实用途以避免被认定为抽逃资金或股东分红？【场景补充】,,,,,,,,,,
公司名义借款给担保公司，实际资金流向为股东用于垫资投资款，税局认为该借款实质是股东借款且未用于生产经营，可能要求视同分红缴纳个税。账面无借款合同，仅有银行流水佐证。在此情况下，无利息的股东借款若被税局认定为分红，如何计算应补缴的个税金额及滞纳金？【场景补充】,,,,,,,,,,
公司向个人（如父母）提供无偿借款，是否会被税务机关认定为视同销售而核定利息并征收增值税？【场景补充】,,,,,,,,,,
公司（借入方）向个人贷款，已签订贷款合同，年利率为13.8%，请问利息支出在所得税税前抵扣的具体条件是什么？【场景补充】,,,,,,,,,,
公司向个人借款30万元且未支付利息，属于无偿借款行为，个人无偿借款给公司是否存在税务风险？【场景补充】,,,,,,,,,,
公司因资金紧张，由老板的朋友向公司账户转入一笔资金，次日该笔资金被用于支付货款，公司计划将老板朋友转入的资金记录到老板的往来款名下，请问将老板朋友转入公司账户的资金记到老板往来款名下是否可行？【场景补充】,,,,,,,,,,
公司支付个人贷款利息，当支付的利息金额超过500元时，是否必须取得发票才可税前扣除？【场景补充】,,,,,,,,,,
公司作为借款人向员工借款，是否允许约定超过一年的还款期限？【场景补充】,,,,,,,,,,
企业存在以公司名义申请的银行贷款，贷款资金实际由原法人个人偿还，现计划变更公司法人，这种情况下变更法人是否需要满足特殊条件？【场景补充】,,,,,,,,,,
企业法人将一笔最初描述为‘货款’后确认为法人借款的款项打入公司公户，应记在哪个会计科目？【场景补充】,,,,,,,,,,
股东（个人）向企业提供无偿借款，是否存在增值税视同销售，个人所得税及合同印花税的税务风险？【场景补充】,,,,,,,,,,
用户计划以实体公司名义贷款1000多万元转给个人购买商铺，按银行同期利率收取利息，请问利息收入在企业所得税层面是否因与利息支出相抵而不需纳税？【场景补充】,,,,,,,,,,
在个人向公司提供借款涉及资金往来但未取得收入的情况下，个人借款给公司是否会被税务机关追缴个人所得税？【场景补充】,,,,,,,,,,
公司（借入方）计划向股东进行还款，公司向股东打款时是否存在税务监督？【场景补充】,,,,,,,,,,
公司（借入方）计划向股东进行还款，如何确认该款项性质为还款而非分红以避免税务风险？【场景补充】,,,,,,,,,,
公司（借入方）计划向股东进行还款，需要准备哪些资料进行备查以确保合规性？【场景补充】,,,,,,,,,,
作为A公司大股东（借出方），其个人公司日常用款均从A公司借款，现A公司进行分红，访客需将收到的投资收益用于偿还此前向A公司的借款，请问投资收益用于偿还借款的完整会计分录应如何编制？【场景补充】,,,,,,,,,,
作为非金融机构的小型微利企业，与股东签订借款合同前期未申报印花税，若经判断无需缴纳印花税，是否仍需进行印花税零申报？【场景补充】,,,,,,,,,,
作为一家新设的小规模纳税人企业（借入方），账面无资金，法人以借款形式注资用于公司开支，后续还款金额是否无限制且可直接冲减其他应付款科目？【场景补充】,,,,,,,,,,
企业因借款从公司账户向个人账户转账时，转账备注栏应如何填写？【场景补充】,,,,,,,,,,
企业作为借入方，向法人（即公司法定代表人）借款时，应如何进行账务处理及利息计算？具体包括借款的会计科目使用、还款处理，以及支付利息时的个人所得税代扣代缴义务。【场景补充】,,,,,,,,,,
一家空壳公司（注册资本2000万，无实际业务，长期零申报）每月通过借法人款项维持运营并偿还贷款，现计划将法人借款转为股东投资款用于偿还贷款利息以避免后期实缴问题。在此情况下，转为投资款后实收资本增加涉及的营业账簿印花税应如何计算？【场景补充】,,,,,,,,,,
股东个人向公司提供借款是否适用债资比例限制？【场景补充】,,,,,,,,,,
如何更正一笔账务记录错误，其中实际有20万元为个人借款，其余部分为短期贷款，是否需要先进行红冲处理以及具体的调整分录是什么？,,,,,,,,,,
票据贴现利息填写到A104000表的哪一行,,,,,,,,,,
将尚未到期的商业汇票向银行贴现取得资金，如何填写现金流量表,,,,,,,,,,
一般企业转让不附有追索权的应收账款，如何进行账务处理？（区分准则）,,,,,,,,,,
信用证的相关会计处理,,,,,,,,,,
自然人无偿转让债权给另一自然人（非继承），是否需要缴纳个人所得税,,,,,,,,,,
支付的电信融通融资服务费如何做账,,,,,,,,,,
企业通过银行合作的供应链金融平台接收客户开具的金单，在向银行转让过程中产生的手续费是否可以开具增值税专用发票并抵扣进项税？,,,,,,,,,,
企业将持有的商业汇票（银行承兑汇票或商业承兑汇票）进行贴现，应如何操作？相关的账务处理（包括手续费）有何规定？支付的贴现利息能否在企业所得税前扣除？,,,,,,,,,,
企业从事承兑汇票贴现业务，在增值税上应如何处理？税率是多少？票据贴现利息的进项税能否抵扣？,,,,,,,,,,
企业转让债权，需要缴纳增值税和印花税吗？,,,,,,,,,,
企业开展应收账款保理业务，如何进行账务及税务处理？,,,,,,,,,,
应收票据贴现的利息（贴现息）和最终所得金额应如何计算？,,,,,,,,,,
公司原欠供应商款项，但供应商将债权转让给个人，公司仅与个人签订债权证明且缺乏与供应商的转让协议。在此类债权转让情形下，税务处理是否存在风险或需满足特定条件？【场景补充】,,,,,,,,,,
企业收到客户承兑汇票后，将票据质押给银行并获得等额资金入账，汇票显示出质人为企业、质权人为银行，当前已按应收票据入账，但质押后银行存款增加，在此票据质押融资场景下应如何进行账务处理？账务处理涉及的科目勾稽关系是怎样的？【场景补充】,,,,,,,,,,
企业于7月购买3年期固定收入债权，合同约定按年计息但最后一年支付利息，年底关账时未满一年，这种情况下，会计上是否需要按月计提利息？【场景补充】,,,,,,,,,,
购买方欠货款，10万扣3仟贴现息，对方要求开收据备注写货款97000、贴现息3000元。账务怎样处理？3000元所得税前能扣除吗？,,,,,,,,,,
非专门担保公司替其他公司提供贷款担保，贷款逾期银行强行扣划的款项，如何做账,,,,,,,,,,
企业重组适用特殊性税务处理，发生债权转股权，取得股权的计税基础如何确定,,,,,,,,,,
未到期的保证金能否转为借款，转为借款是否需要合同明确说明,,,,,,,,,,
企业为周转向客户借款并转为预付款，同时给予价格优惠，是否存在视同融资或利息支出等税务风险？,,,,,,,,,,
企业因资金周转问题将应付账款转为需支付利息的长期债务时，企业应如何进行科目处理？,,,,,,,,,,
两家公司以货币投资合作新项目，约定盈利后按投资比例分成，涉及什么税,,,,,,,,,,
企业私募股权失败，占用股东资金所产生的赔偿款，如何缴纳增值税,,,,,,,,,,
项目完工后因延迟支付供应商货款而产生的资金占用费应如何进行账务处理？,,,,,,,,,,
"企业实施""债权转股权""（债转股），在税务、会计及实务流程上应如何处理？",,,,,,,,,,
融资性担保公司如何计提未到期责任准备金并进行账务处理？其向个人收取的担保费是否可以享受增值税免税政策？,,,,,,,,,,
企业支付贷款担保费应如何进行账务处理？相关增值税如何处理？,,,,,,,,,,
为取得借款支付的担保费如何填写现金流量表（区分准则）,,,,,,,,,,
抵账协议是否需要缴纳印花税？【场景补充】,,,,,,,,,,
第三方公司与客户签订了货款担保协议，但合同中未明确约定客户到期未还款的具体处理方式及时间，还款期限为60天，保证期约定为到客户还款为止。若客户逾期未还款，根据担保法规定，逾期多长时间可以将担保款转为应收账款？【场景补充】,,,,,,,,,,
企业向上游供应商支付500吨货款后，因实际仅执行70吨，要求对方退还430吨货款并支付相应资金利息，对方要求开具发票。企业当前无相关营业范围，且涉及偶然发生的资金利息业务，在此情况下，未增加营业范围的情况下能否直接开具资金利息发票？【场景补充】,,,,,,,,,,
若采用借款模式处理AB公司资金往来，B公司需向A公司支付利息以返还利润，A公司作为企业所得税纳税人，能否直接向B公司开具利息发票？【场景补充】,,,,,,,,,,
若采用借款模式处理AB公司资金往来，B公司需向A公司支付利息以返还利润，且A公司为企业所得税纳税人，此时B公司支付利息时是否需要为A公司代扣代缴企业所得税？【场景补充】,,,,,,,,,,
物流公司因生产经营需要贷款而支付担保费，属于借款费用辅助费用，根据会计准则，该担保费应计入什么会计科目？【场景补充】,,,,,,,,,,
在客户逾期未还款且担保人履行责任的情况下，需将其他应付款冲减应收账款，会计准则和税法对此类账务处理是否存在特殊规定或限制？【场景补充】,,,,,,,,,,
作为一家物流公司，取得向担保公司支付担保费所对应的进项发票，该进项发票是否可以认证抵扣？【场景补充】,,,,,,,,,,
企业采用售后回购方式销售商品（属于融资交易），应如何进行账务处理？在企业所得税上又应如何确认收入？,,,,,,,,,,
融资性售后回租支付利息是否可以抵扣进项税,,,,,,,,,,
营改增前签订的有形动产融资性售后回租合同，选择按照融资租赁服务缴纳增值税，承租方取得的进项税额是否可以抵扣,,,,,,,,,,
融资性售后回租是否需要缴纳印花税,,,,,,,,,,
金融租赁公司售后回租，承租人回购房产是否需要缴纳契税,,,,,,,,,,
融资性售后回租业务产生的财务费用利息支出存在计提未及时取得发票的情况，应如何处理汇算清缴风险提示？,,,,,,,,,,
企业从事融资性售后回租业务，在增值税处理上有何特殊规定？如何确定销售额及开具发票？,,,,,,,,,,
在企业所得税方面，融资性售后回租业务中的承租人，其出售资产的行为是否需缴税？相关资产折旧和利息支出能否税前扣除？,,,,,,,,,,
融资性售后回租业务中，出租方与承租方分别应如何进行账务处理？（区分准则）,,,,,,,,,,
承租方（企业）误将融资性售后回租合同按纯借款合同处理，账务记录为“借：银行存款，贷：长期借款”，但实际合同性质为融资租赁（售后回租），不符合借款合同特征。此类错误是否需要追溯更正，具体调整分录应如何编制？【场景补充】,,,,,,,,,,
我公司执行小企业会计准则，融资租赁业务中未设置'未确认融资费用'科目，当前涉及融资性售后回租业务，需处理长期应付款与财务费用的分摊问题，是否可以通过'长期应付款-未确认融资费用'二级科目进行核算？【场景补充】,,,,,,,,,,
非金融企业与政府签订的政府债券转贷协议是否需要缴纳印花税,,,,,,,,,,
居民个人购买债券取得的利息如何缴纳个人所得税,,,,,,,,,,
可转换债券转换为股权投资，企业所得税上如何处理,,,,,,,,,,
不存在长期债券投资处置行为但填报了该项资产的处置收入,,,,,,,,,,
关于公司债发行过程中产生的承销费用和担保费用的进项税额是否可以抵扣？,,,,,,,,,,
企业购买债券，并在其持有期间，对于分期付息、到期一次还本的债券，从初始确认到后续利息支付的完整账务处理流程是怎样的？（区分准则）,,,,,,,,,,
【行政事业单位】行政事业单位在持有及处置长期债券投资时，应如何进行账务处理？,,,,,,,,,,
企业作为借入方，支付借款违约金，需要取得发票吗？发票名目应该写什么？,,,,,,,,,,
企业作为借入方，在贷款时按协议要求购买的贷款保险，取得的增值税专用发票是否可以抵扣？,,,,,,,,,,
在进行借款合同印花税税源采集时，系统不显示小微企业免征印花税的减免代码，应如何处理？,,,,,,,,,,
企业作为借入方，新签订的借款合同缴纳印花税时，计税依据是否需要减去之前借款合同的已还款金额？,,,,,,,,,,
企业作为借出方，其利息收入在A100000企业所得税年度纳税申报主表中如何体现？,,,,,,,,,,
企业作为借入方，在计算企业所得税时，金融企业同期同类贷款利率应如何确定？,,,,,,,,,,
企业作为借入方，偿还借款能否以现金方式支付？,,,,,,,,,,
借款费用开始资本化、暂停资本化和停止资本化的具体条件分别是什么？,,,,,,,,,,
哪些借款合同需要缴纳印花税？税率是多少？有何优惠政策？,,,,,,,,,,
在认缴制下，若股东投资期限未到，企业作为借入方发生的借款利息能否税前扣除？若因投资未到位导致利息不可扣除，汇算时应如何调整？,,,,,,,,,,
"在填报企业所得税汇算清缴表A105120时，""上年末/本年末贷款资产余额""与资产负债表数据不匹配，应如何处理？",,,,,,,,,,
"收到关于""借款合同""印花税的纳税义务提醒，应如何处理？",,,,,,,,,,
借款合同印花税的计税依据是否包含借款利息？借款利息本身是否需要缴纳印花税？,,,,,,,,,,
企业作为借入方，从不同来源取得的借款，应如何区分会计科目？其利息又应如何进行账务处理？,,,,,,,,,,
"利润表中""财务费用""项下的""利息费用""和""利息收入""应如何填列？（请区分企业会计准则和小企业会计准则）",,,,,,,,,,
企业资金借贷（拆借）业务，在现金流量表中应如何填列？,,,,,,,,,,
企业融资相关现金流量表的填报说明是什么？（理论知识）,,,,,,,,,,
关于贷款服务的增值税处理，其税率和利息收入的纳税义务发生时间应如何判定？与此相关的，企业在取得贷款服务（含借款利息）的增值税专用发票后，在认证（勾选）、抵扣及加计抵减方面应遵循哪些处理原则？,,,,,,,,,,
企业作为借入方，使用贷款资金购买固定资产时，应如何进行账务处理？请分别说明贷款资金先划入企业账户，以及由银行直接支付给销售方两种情况的处理方式。,,,,,,,,,,
房地产企业作为借入方，其发生的借款利息应如何进行税务与会计处理？具体而言，费用化的借款利息能否在税前扣除？为购买土地而发生的贷款利息，又是否可以资本化计入开发成本？,,,,,,,,,,
企业作为借入方，对于在建工程借款产生的利息费用，在符合资本化条件时能否在当期所得税前扣除？在汇算清缴时，计入在建工程的利息支出是否需要纳税调整？当在建工程结转固定资产后，又应在何时进行纳税调整？,,,,,,,,,,
在企业所得税汇算清缴时，期间费用明细表（A104000）第21行“利息收支”与纳税调整明细表（A105000）第18行“利息支出”应如何填报？填报时是否需要扣除利息收入？,,,,,,,,,,
个人或企业收到借款利息收入，需要缴纳哪些税款？如何计算和缴纳？,,,,,,,,,,
公司作为借入方，对于已发生但未实际支付的利息（包括以前年度未计提和当期已计提两种情况），在企业所得税汇算清缴时是否需要纳税调整？应如何进行税务和会计处理？,,,,,,,,,,
我公司作为借入方，2024年年初签订了一份三年期借款合同，本金240万元，合同约定到期一次性还本付息。相关的利息支出，能否在2025年实际支付时一次性计入财务费用并在支付年度全额税前扣除？如果前两年计提利息时未取得发票，应该如何扣除？,,,,,,,,,,
公司作为借入方，败诉后被强制执行，连本带息划款，其中逾期利息部分应如何做账？无发票情况下能否作为税前扣除凭证？,,,,,,,,,,
公司作为借出方，补缴以前年度因资金拆借产生的利息相关增值税，应如何进行会计处理？城建税及附加税是否一并计入营业外支出？该部分补缴税款能否在当期企业所得税前扣除？,,,,,,,,,,
税务机关对作为借入方的企业财务报表中的借款和其他应付款项目会重点关注哪些问题？,,,,,,,,,,
公司作为借入方，借款转实收资本与转营业外收入的税务差异是什么？,,,,,,,,,,
2023年多次借款的贷款合同，是否需分次补报印花税？逾期申报是否会加收滞纳金？,,,,,,,,,,
2023年Q1、2023年Q4、2024年Q1因贷款合同多缴印花税（实缴为0），请问适用哪些减免政策？如何依据政策申请退税？,,,,,,,,,,
借款合同印花税计税金额能否以“短期借款”科目贷方余额作为依据？,,,,,,,,,,
金融贷服务是否涉及营业成本？若非转贷则无成本，如何界定“转贷行为”？,,,,,,,,,,
公司作为借入方，贷款合同约定的税率为9.98%、费用率为5.07%，采用等额等息还款方式，实际利息应如何计算？,,,,,,,,,,
公司作为借入方，企业申报贷款金额时，应依据贷款合同金额还是资产负债表期末数据填写？,,,,,,,,,,
公司作为借入方，公司贷款做账需要提供哪些附件材料？,,,,,,,,,,
公司作为借入方，当利润表中未体现利息费用时，分析人员应当如何理解企业短期借款本金与利息的会计处理？,,,,,,,,,,
短期无息借款的有效期限如何界定？,,,,,,,,,,
当发生后续的借款合同印花税应税行为时，是否必须进行税费种的核定？,,,,,,,,,,
公司作为借入方，若公司认缴的300万元资本在2027年仍未完成实缴，针对2024年贷款400万元产生的利息支出应当如何处理企业所得税税前扣除？,,,,,,,,,,
当银行授信额度为200万元，敞口为50万元时，实际可贷款的具体金额是多少？【场景补充】,,,,,,,,,,
企业（执行小企业会计准则）存在一笔2021年的应付利息长期挂账，款项当年已支付但未计提费用且未取得发票。若现在（2023年）无法取得发票，或已取得发票，应分别如何进行账务与税务处理？【场景补充】,,,,,,,,,,
公司作为借款方与村委会签订的借款协议是否需要缴纳印花税？【场景补充】,,,,,,,,,,
汇算清缴填报时，利息支出填报是手续费和贷款利息的本年累计合计数，还是仅贷款利息单独的数据？【场景补充】,,,,,,,,,,
请问增值税法实施后贷款利息抵扣新规的具体内容及生效时间是什么？【场景补充】,,,,,,,,,,
自然人利息收入的增值税申报方式及起征点适用标准是什么？【场景补充】,,,,,,,,,,
空壳公司长期零申报（增值税0报、利润表0报），资产负债表仅体现现金和其他应付款，且存在每月固定利息支出，此前因工商联系异常被罚款5000元，担心触发税务稽查或非正常户认定，那么长期零申报且无实际业务的情况下，利息支出费用是否会被税局认定为异常？【场景补充】,,,,,,,,,,
某执行政府会计制度的单位（同时运行财务会计和预算会计）向其他单位借款，在财务会计和预算会计中应如何入账？【场景补充】,,,,,,,,,,
企业注销清算时确实无法偿付的应付款项是否需要并入清算所得缴纳企业所得税？【场景补充】,,,,,,,,,,
企业将2月的贷款利息支出计入财务费用-利息费用或利息支出，并已开具发票，请问相关支出在税前扣除的条件及会计科目处理是什么？【场景补充】,,,,,,,,,,
经常发生与偶然发生的业务场景，请问印花税借款合同是按期还是按次申报？【场景补充】,,,,,,,,,,
企业签订额度5亿元的资金拆借协议，实际发生单笔金额为数百万元至一千万元，拆借周期多为当天或一两天归还，资金用途备注为借款，但业务实质为满足短期流动性需求，这种情况下转账备注用途标注'借款'是否影响现金流性质的判定？【场景补充】,,,,,,,,,,
企业签订额度5亿元的资金拆借协议，实际发生单笔金额为数百万元至一千万元，拆借周期多为当天或一两天归还，资金用途备注为借款，但业务实质为满足短期流动性需求。此类短期资金拆借是否应归类为筹资活动（借款）现金流？【场景补充】,,,,,,,,,,
企业签订新的借款合同用于偿还旧借款，且新旧合同金额相同，此类借新还旧的借款合同是否需要缴纳印花税？【场景补充】,,,,,,,,,,
企业收到贷款利息发票，且此前已按价税合计金额进行利息费用入账，已知贷款利息相关进项税不可抵扣，请问收到的贷款利息发票应如何补充入账（如是否需贴附至原分录并说明开票延迟）？【场景补充】,,,,,,,,,,
企业向其他公司或个人借款（非银行贷款），支付借款本息时，应如何选择现金流量项目填报？【场景补充】,,,,,,,,,,
若借款跨年度使用，其利息是否需要分别开具发票并在相应年度进行记账处理？【场景补充】,,,,,,,,,,
企业需申报贷款服务利息收入对应的增值税，但发现增值税申报表中无‘贷款服务’专用栏次，请问贷款服务利息收入对应的增值税是否应填写在增值税申报表的6%税率服务行次？【场景补充】,,,,,,,,,,
企业（借入方）因贷款收到利息费的发票，需进行会计处理，该利息费发票是否可以入账？【场景补充】,,,,,,,,,,
企业（借入方）因贷款收到利息费的发票，需进行会计处理，请问企业贷款收到的利息费发票应如何入账？【场景补充】,,,,,,,,,,
企业因未按时申报借款合同印花税，需补报并补交税款（税款金额可能小于1元），逾期申报印花税后会产生哪些后果，例如滞纳金、罚款、信用影响等？【场景补充】,,,,,,,,,,
企业因未按时申报借款合同印花税需补报并补交税款，若印花税税款小于1元，是否需要缴纳税款？【场景补充】,,,,,,,,,,
企业因以往会计处理错误，在计提利息时直接借记应付利息、贷记其他应付款，还款时通过其他应付款核销，导致应付利息科目借方长期挂账，请问应如何进行账务调整？（区分准则）【场景补充】,,,,,,,,,,
企业有一笔支出不确定是偿还贷款本金还是利息，错误计入财务费用-利息支出，若实际为贷款本金且无法取得发票，是否只能进行纳税调增？【场景补充】,,,,,,,,,,
企业于9月27日发生短期借款业务，需计算利息对应的增值税，请问该笔利息的增值税申报缴纳所属期应为借款当月（9月）还是次月（10月）？【场景补充】,,,,,,,,,,
企业在进行2024年度企业所得税汇算清缴时，涉及当年发生的贷款利息支出在当年未取得发票，但于2025年1月（即次年汇算清缴期前）补开了发票，这种情况下该贷款利息支出是否需要调增应纳税所得额？【场景补充】,,,,,,,,,,
企业在进行所得税汇缴时，收到风控提示显示利息发票金额与实际填列金额不符，实际情况中，去年发生的利息费用多数在今年第一季度补开发票，导致进项台账无法比对，这种情况下利息发票金额与实际填列金额不符是否存在税务风险？【场景补充】,,,,,,,,,,
企业注册资本1000万元，实收资本640万元，未实缴占比36%，股东转入3000万元借款用于建造固定资产（办公楼及设备），后续发生借款利息，在未实缴注册资本的情况下，借款利息是否可按实缴资本比例（64%）进行所得税税前扣除？【场景补充】,,,,,,,,,,
企业注册资金为300万元，贷款金额为1000多万元，存在投资者未在规定期限内缴足注册资本的情况。若实际实缴金额与应缴资本额存在差额（例如差30万元未实缴），具体如何计算不得扣除的利息金额？【场景补充】,,,,,,,,,,
企业作为资金借出方，在原借款合同未到期时与对方签订补充协议延长还本付息时间，延期期间仍约定收取利息，这种情况下延期期间收取的利息是否需要确认利息收入？（区分准则）以及如何进行税务处理？【场景补充】,,,,,,,,,,
我公司采用按借款合同约定分次到款使用的贷款模式，在贷款发放后可能因经营规模扩大（如员工人数增加）导致不再符合小型微型企业标准，根据《印花税法》规定纳税义务发生时间为应税凭证书立时，那么分次放款是否会导致按放款时点企业状态分批次缴纳印花税？【场景补充】,,,,,,,,,,
我公司采用按借款合同约定分次到款使用的贷款模式，在贷款发放后可能因经营规模扩大（如员工人数增加）导致不再符合小型微型企业标准。根据《印花税法》规定，纳税义务发生时间为应税凭证书立时。若后期不再符合小型微型企业标准，是否需要就前期已发放贷款补缴借款合同印花税？【场景补充】,,,,,,,,,,
我公司（借出方）收取利息收入，但合同中约定的利息可能超过银行同期贷款利息，那么利息超过银行同期贷款利息的部分是否影响我公司的税务处理？【场景补充】,,,,,,,,,,
利息支出是否应记为借方正数（借：财务费用-利息支出，贷：银行存款），以及利息收入是否应记为借方负数（如借：银行存款10，借：财务费用-利息收入-10）进行处理？请问利息收入是否应按照借方负数进行处理？【场景补充】,,,,,,,,,,
在开具资金利息发票过程中，需明确发票名称的具体写法，涉及合同约定的资金利息业务，那么合同中涉及的资金利息在发票上应如何规范表述？【场景补充】,,,,,,,,,,
在企业存在利息费用无发票、无票成本需调增，且汇算清缴前无法补开发票，需调整A105000表及项目成本填报的情况下，对于海水养殖行业享受所得税减半优惠时，管理费用中已取得发票的费用是否需合并填入项目成本栏？【场景补充】,,,,,,,,,,
在企业存在利息费用无发票、无票成本需调增，且汇算清缴前无法补开发票的情况下，涉及调整A105000表及项目成本填报时，对于海水养殖行业享受所得税减半优惠的业务，无票成本应如何填写“项目成本”栏，是否需要扣除无票部分？【场景补充】,,,,,,,,,,
在企业存在利息费用无发票、无票成本需调增，且汇算清缴前无法补开发票的情况下，涉及调整A105000表及项目成本填报时，海水养殖行业的所得税优惠政策是否为减半征收？【场景补充】,,,,,,,,,,
在企业存在利息费用无发票、无票成本需调增，且涉及汇算清缴前无法补开发票的情况下，利息费用无发票是否需在企业所得税汇算时调增？【场景补充】,,,,,,,,,,
在企业资产规模约一亿，贷款总额为1540万元（其中940万和600万两笔），贷款主要用于建厂房和扩大投资等正常经营用途，且老总认为负债率偏高的情况下，这1540万元贷款是否属于合理范围？判断标准是什么？【场景补充】,,,,,,,,,,
资金占用费对应的增值税专用发票是否可以进行进项税额抵扣？【场景补充】,,,,,,,,,,
债资比是否特指适用于股份有限公司？在涉及有限公司以及关联方的情况下，债资比规定的适用主体范围是什么？有限公司在关联方情况下是否适用债资比规定？债资比的具体规定及适用主体范围【场景补充】,,,,,,,,,,
作为贷款申请人，涉及本金50万元、年利率3.1%的贷款业务，贷款利息具体如何计算？【场景补充】,,,,,,,,,,
我司以充电桩设备抵押融资并收到款项，该项融资应如何进行会计记账？,,,,,,,,,,
员工以个人名义为公司申请贷款，贷款用于公司经营，公司每月承担还款责任，但贷款利息发票开具给个人，无法取得公司抬头的发票。此类无公司抬头发票的利息支出，在汇算清缴时是否需要纳税调增？【场景补充】,,,,,,,,,,
员工以个人名义为公司申请贷款，贷款用于公司经营，公司每月承担还款责任，但贷款利息发票开具给个人，无法取得公司抬头的发票。在此情况下，员工代公司偿还的贷款利息支出能否直接计入财务费用？【场景补充】,,,,,,,,,,
法人是股东，法人个人借款给公司用于运营，公司偿还不了。想用固定资产抵，只不过债权人正好是法人，固定资产有房屋也有设备，按评估报告和账面净值有啥区别吗？涉及什么税？,,,,,,,,,,
ABC三家公司通过银行贷款后向酒店公司进行投资所产生的利息支出，在同时符合市场利率标准与独立交易原则的情况下，该利息支出是否可以在企业所得税前全额扣除？,,,,,,,,,,
法人个人贷款购车，公司承担并支付利息，利息由公司转付法人代支付，卖车方承担利息，卖车方将利息返还至公司账户，该笔返还资金应如何记账？,,,,,,,,,,
A公司经营贷款以法人C房产抵押，放款至第三方D账户，D转款给C，C再转入A公司；后续A公司向C支付利息。该模式下A公司、C、D各方是否存在税务风险？,,,,,,,,,,
公司贷款购车，部分首付对公支付，贷款记“短期借款”，但月供由法人个人卡扣款。能否按月冲减短期借款，结清后剩余计入财务费用？是否需对公转账返还法人并备注“代还车贷”？,,,,,,,,,,
公司23年11月份贷款14万，今年又以法人名义贷款14万，今天是最后一天还款，但是法人卡上没有14万，现在用公司对公户转款14万，这样转款备注什么呢？,,,,,,,,,,
公司贷款未还清，银行直接从法人账户扣划本金或利息（原计入“短期借款”），公司应如何进行账务处理？分别说明本金与利息的会计处理方式。,,,,,,,,,,
运输企业贷款购车款项由个人支付导致车款长期挂账，且该款项后续不再支付的情况下，应如何进行财税处理？,,,,,,,,,,
公司以自身名义贷款，但资金由银行直接发放至第三方个人账户，且还款（本息）亦由该个人名义进行。在此模式下，公司应如何进行账务处理？该笔贷款发生的利息支出，能否在企业所得税前扣除？,,,,,,,,,,
当法人或股东以个人名义贷款用于企业经营，并由其个人账户直接向银行还本付息时，公司应如何进行正确的账务处理？在此模式下，公司承担并支付给法人或股东的利息支出，能否作为财务费用在企业所得税前扣除？该业务涉及哪些主要的税务风险与合规要点？,,,,,,,,,,
当员工以个人名义为公司申请贷款，贷款资金用于公司经营，且由公司每月承担还款责任，但贷款利息发票开具给个人而无法取得公司抬头发票时，公司承担该个人名义贷款利息支出是否需要员工提供额外资料作为入账依据？【场景补充】,,,,,,,,,,
公司作为借款主体存在转贷给个人的情况，贷款期限为一年，需还本付息。贷款资金进入公司公户后转出供个人使用，请问公司取贷款后转借给个人，如何进行做账？【场景补充】,,,,,,,,,,
公司作为借款主体存在转贷给个人的情况，贷款期限为一年，需还本付息。贷款资金进入公司公户后转出供个人使用，请问公司取贷款后转借给个人，是否需要为个人借款的贷款利息单独设置明细科目（如财务费用-利息支出（个人借款））以便区分？【场景补充】,,,,,,,,,,
公司作为借款主体存在转贷给个人的情况，贷款期限为一年，需还本付息。贷款资金进入公司公户后转出供个人使用，请问公司取贷款后转借给个人，是否应通过其他应收款科目？【场景补充】,,,,,,,,,,
